Quintile Returns,,,,,,,,,,,,,,,
Universe Name: S&P 500,,,,,,,,,,,,,,,
Factor Code: SUEC,,,,,,,,,,,,,,,
Factor Name: Standardized Unexpected Earnings,,,,,,,,,,,,,,,
Sector Name: Cross Sectional,,,,,,,,,,,,,,,
Weight Type: Equal Weighted,,,,,,,,,,,,,,,
Created Date: 2024-07-25,,,,,,,,,,,,,,,
,,,,,,,,,,,,,,,
Date,Q1,Q2,Q3,Q4,Q5,Spread,,Q1,Q2,Q3,Q4,Q5,,LS,
12/31/2005,0.001927865,0.002141937,0.006398194,0.004009056,-0.015288547,0.010238545,,,,,,,,,
1/31/2006,0.00354498,-0.006472624,-0.014622582,0.013004409,0.010359546,-0.048590143,,1,1,1,1,1,,,1
2/28/2006,-0.004537537,0.009339268,0.001917497,-0.000962323,-0.008567648,0.000775758,,0.995462463,1.009339268,1.001917497,0.999037677,0.991432352,,0.010301591,1.010301591
3/31/2006,0.004313326,-0.002517491,-0.005380824,0.002945782,0.001318517,-0.014790621,,0.999756216,1.006798266,0.996526355,1.001980625,0.992739572,,-0.005463273,1.004782037
4/30/2006,0.002269201,-0.007797233,-0.001822026,-0.000282318,0.008827195,-0.017935625,,1.002024864,0.998948025,0.994710658,1.001697748,1.001502679,,-0.007514915,0.997231186
5/31/2006,0.001667476,0.000301503,0.004973791,-0.000822197,-0.007718058,0.03716158,,1.003695716,0.999249211,0.999658141,1.000874155,0.993773023,,0.0011237,0.998351774
6/30/2006,0.003109656,0.004625619,0.006579941,0.002517687,-0.012596872,0.017770765,,1.006816865,1.003871358,1.006235833,1.003394043,0.981254591,,0.002107932,1.000456232
7/31/2006,-0.013242941,-0.003780484,0.014322944,0.001495316,-0.000112802,0.000795894,,0.993483648,1.000076238,1.020648092,1.004894434,0.981143904,,-0.005275801,0.995178025
8/31/2006,0.001066297,-0.002355153,-0.005907046,0.003371593,0.008011759,-0.038392538,,0.994542997,0.997720905,1.014619077,1.008282529,0.989004593,,-0.005726746,0.989478893
9/30/2006,-0.003984374,0.001481511,0.000586255,-0.0034972,0.004268427,-0.034508238,,0.990580366,0.999199039,1.015213903,1.004756364,0.993226087,,0.004978711,0.994405222
10/31/2006,-0.008421524,-0.007455317,0.00427679,0.000235859,0.006917889,-0.051711209,,0.98223817,0.991749694,1.019555759,1.004993344,1.000097115,,-0.007691176,0.986757077
11/30/2006,0.005484459,0.005496214,-0.015252473,0.003729278,0.004079855,-0.02397185,,0.987625215,0.997200563,1.004005013,1.008741244,1.004177365,,0.001766937,0.988500614
12/31/2006,-0.005672975,-0.001413219,0.00423144,0.000535164,-0.00148083,-0.012624115,,0.982022442,0.9957913,1.008253399,1.009281085,1.002690349,,-0.001948383,0.986574636
1/31/2007,0.001105378,-0.000479316,-0.002480545,-2.57672E-05,0.000433232,-0.024169289,,0.983107948,0.995314001,1.005752382,1.009255079,1.003124746,,-0.000453549,0.986127176
2/28/2007,0.001518754,-0.00536309,-0.004294795,0.00410162,0.005760604,-0.001569505,,0.984601048,0.989976042,1.001432881,1.013394659,1.008903351,,-0.00946471,0.976793769
3/31/2007,0.009968809,-0.003002441,-0.005876899,-0.002596964,0.00162304,0.000440294,,0.994416348,0.987003697,0.995547561,1.010762909,1.010540842,,-0.000405477,0.976397702
4/30/2007,-0.008996874,-0.005880338,0.002249071,-0.000113579,0.012632071,-0.064624415,,0.985469709,0.981199782,0.997786618,1.010648108,1.023306065,,-0.005766759,0.970767051
5/31/2007,-0.000817877,0.008593141,0.000121944,-0.004148542,-0.004649364,-0.028473229,,0.984663716,0.98963137,0.997908292,1.006455392,1.018548343,,0.012741683,0.983136257
6/30/2007,-0.001218159,0.003968374,-0.000443758,-0.004778239,7.361E-05,0.01730542,,0.983464239,0.993558597,0.997465463,1.001646308,1.018623318,,0.008746613,0.991735369
7/31/2007,0.005642343,0.010110217,-0.001648218,-0.000332908,-0.014255153,0.0636851,,0.989013282,1.00360369,0.995821422,1.001312852,1.004102687,,0.010443125,1.002092185
8/31/2007,-0.00096396,0.005117584,0.003019517,0.003927672,-0.016022053,0.014871772,,0.988059912,1.008739716,0.998828322,1.005245681,0.988014901,,0.001189912,1.003284587
9/30/2007,0.015412047,0.016568784,-0.017159757,-0.003365793,-0.016899137,0.008008512,,1.003287938,1.025453306,0.98168867,1.001862232,0.971318302,,0.019934577,1.02328464
10/31/2007,0.018152183,0.005690251,-0.017016074,0.008937273,-0.011868789,0.018432368,,1.021499804,1.031288393,0.964984184,1.010816148,0.959789929,,-0.003247022,1.019962012
11/30/2007,0.002462856,0.01959388,-0.010773379,0.005629352,-0.012726271,0.064714843,,1.024015611,1.051495334,0.954588044,1.016506388,0.947575383,,0.013964527,1.0342053
12/31/2007,0.014569569,0.00272928,-0.001157572,0.005853439,-0.014108365,0.046411643,,1.038935077,1.054365159,0.953483039,1.022456446,0.934206644,,-0.003124158,1.030974279
1/31/2008,-0.011251485,-0.013492116,-0.014757618,0.003775573,0.035561371,-0.00296163,,1.027245514,1.040139543,0.939411901,1.026316805,0.967428312,,-0.017267688,1.013171736
2/29/2008,0.008337465,0.006435817,0.004221907,0.005316659,-0.025417006,0.064020731,,1.035810138,1.04683369,0.943378011,1.031773381,0.942839181,,0.001119158,1.014305636
3/31/2008,0.003510718,0.013096614,-0.000511036,-0.000547915,-0.014568837,0.030901547,,1.039446575,1.060543667,0.942895911,1.031208057,0.929103111,,0.013644529,1.028145358
4/30/2008,-0.005222585,0.003902976,0.004523367,-0.013353248,0.003702104,-0.061763473,,1.034017977,1.064682944,0.947160975,1.01743808,0.932542747,,0.017256224,1.045887265
5/31/2008,0.015121201,0.001767755,-0.009772623,-0.002660467,-0.005569589,-0.004787155,,1.049653571,1.066565042,0.937904727,1.014731219,0.927348867,,0.004428222,1.050518686
6/30/2008,0.018125642,0.026996502,0.002748524,-0.000735378,-0.045373367,0.1657124,,1.068679216,1.095358568,0.940482581,1.013985008,0.885271926,,0.027731881,1.079651545
7/31/2008,-0.002459335,-0.011697256,-0.001853157,-0.00403326,0.023025844,-0.0255457,,1.066050975,1.082545878,0.93873972,1.009895343,0.905656059,,-0.007663996,1.0713771
8/31/2008,-0.005646865,-0.004834386,-0.002863591,-0.007897832,0.024626106,-0.058315138,,1.060031129,1.077312434,0.936051554,1.001919359,0.927958841,,0.003063446,1.074659206
9/30/2008,-0.018847344,0.002456943,0.017474357,0.009213603,-0.016788609,0.103672769,,1.040052358,1.079959329,0.952408453,1.011150647,0.912379703,,-0.00675666,1.067398098
10/31/2008,-0.015072026,0.026974408,0.020954569,-0.013717376,-0.014193409,0.208764429,,1.024376661,1.109090592,0.972365761,0.997280313,0.899429924,,0.040691784,1.110832431
11/30/2008,-0.011182102,0.033776305,0.016633322,-0.015276995,-0.00338026,0.098370682,,1.012921977,1.146551574,0.988539434,0.982044867,0.896389617,,0.0490533,1.165322427
12/31/2008,-0.006449035,-0.010788929,-0.006144103,0.006115902,-0.004214436,-0.046008692,,1.006389608,1.134181511,0.982465746,0.988050957,0.89261184,,-0.016904831,1.145622849
1/31/2009,0.026975647,0.004123133,-0.021729895,-0.008073152,-0.004899353,0.109569069,,1.03353762,1.138857892,0.961116869,0.980074271,0.88823862,,0.012196285,1.159595192
2/28/2009,0.014966263,0.010017288,0.018789734,0.000613002,-0.040357207,0.172061216,,1.049005815,1.150266159,0.979175998,0.980675059,0.85239179,,0.009404286,1.170500356
3/31/2009,-0.004888263,0.000374449,-0.028931345,-0.001347964,0.043409076,-0.159151035,,1.043877998,1.150696876,0.95084712,0.979353144,0.889393331,,0.001722414,1.172516442
4/30/2009,-0.06693145,0.004455148,-0.013177167,-0.002132347,0.054869859,-0.311704196,,0.974009731,1.155823401,0.938317649,0.977264823,0.938194217,,0.006587495,1.180240388
5/31/2009,-0.00263737,-0.037348142,0.009418011,0.00967168,0.029450174,-0.093977643,,0.971440907,1.112655545,0.947154735,0.986716616,0.9658242,,-0.047019822,1.124745696
6/30/2009,0.007876061,-0.005669594,-0.0098564,0.009138403,-0.012038105,0.02288303,,0.979092035,1.10634724,0.937819199,0.99573363,0.954197507,,-0.014807997,1.108090465
7/31/2009,-0.016653801,0.006219768,0.001798729,-0.005172836,0.013701218,-0.12272048,,0.962786431,1.113228463,0.939506082,0.990582864,0.967271175,,0.011392604,1.120714501
8/31/2009,-0.016342245,-0.024976595,-0.019997049,-0.008250589,0.07227433,-0.148849724,,0.947052339,1.085423807,0.920718732,0.982409972,1.037180051,,-0.016726006,1.101969423
9/30/2009,-0.004108316,-0.005232333,-0.000119096,-0.001053465,0.010839825,-0.067824141,,0.943161549,1.079744508,0.920609078,0.981375037,1.048422902,,-0.004178868,1.097364439
10/31/2009,0.001167742,0.004401606,0.011727267,0.005821353,-0.022617408,0.057749267,,0.944262918,1.084497118,0.931405307,0.987087968,1.024710293,,-0.001419747,1.095806459
11/30/2009,0.01039582,-0.00168481,-0.006264948,0.001814515,-0.012369301,-0.031390408,,0.954079305,1.082669946,0.9255701,0.988879055,1.012035343,,-0.003499326,1.091971875
12/31/2009,0.007276984,0.003264917,0.000511715,0.001335091,-0.008633159,-0.032160051,,0.961022125,1.086204774,0.926043729,0.990199298,1.003298281,,0.001929826,1.094079191
1/31/2010,-0.015830104,-0.003357232,-0.002380657,-0.01702879,0.040118884,-0.026082242,,0.945809045,1.082558132,0.923839136,0.973337402,1.043549489,,0.013671558,1.109036958
2/28/2010,0.008660529,-0.002319566,-0.006271949,-0.004165553,-0.001505173,-0.033271068,,0.954000251,1.080047067,0.918044864,0.969282913,1.041978766,,0.001845987,1.111084226
3/31/2010,-0.001095769,-0.004549253,-0.000181846,-0.006689913,0.014281738,-0.086505604,,0.952954887,1.075133659,0.917877921,0.962798495,1.056860034,,0.002140659,1.113462678
4/30/2010,-0.00506104,0.002341189,0.008985986,0.002199024,-0.001808243,-0.031358035,,0.948131945,1.077650751,0.926125959,0.964915713,1.054948974,,0.000142165,1.113620974
5/31/2010,0.00921008,0.007451363,-0.003055202,-0.005787578,-0.007725516,0.09054361,,0.956864316,1.085680717,0.923296457,0.959331188,1.046798948,,0.013238941,1.128364136
6/30/2010,-0.003471294,-0.000540727,0.005439736,0.000805725,0.000350742,0.057885695,,0.953542759,1.08509366,0.928318946,0.960104145,1.047166104,,-0.001346453,1.126844847
7/31/2010,0.005012522,-0.002750427,0.010039523,-0.0114547,0.002271608,-0.070646321,,0.958322412,1.082109189,0.937638826,0.94910644,1.049544855,,0.008704272,1.136653211
8/31/2010,-0.011791533,-0.006102794,0.003027627,0.009322984,0.005565395,0.031168955,,0.947022322,1.0755053,0.940477647,0.957954944,1.055385987,,-0.015425777,1.119119452
9/30/2010,0.020061272,-0.000987021,-0.008146372,-0.001418035,-0.010402555,-0.074129829,,0.966020794,1.074443754,0.932816166,0.956596531,1.044407276,,0.000431014,1.119601808
10/31/2010,-0.007663858,-0.000581464,-0.005312184,0.001239425,0.007861243,-0.051540775,,0.958617349,1.073819004,0.927860875,0.95778216,1.052617615,,-0.001820888,1.117563138
11/30/2010,-0.001194773,-0.005772077,0.002211087,0.008007323,-0.00052104,-0.008762624,,0.957472019,1.067620837,0.929912457,0.965451431,1.052069159,,-0.0137794,1.102163788
12/31/2010,-0.010229528,-0.013796576,0.001646002,-0.005326041,0.026142765,-0.109311895,,0.947677532,1.052891325,0.931443095,0.960309397,1.079573156,,-0.008470535,1.092827871
1/31/2011,-0.001398402,-0.006910929,-0.008755298,0.008107528,0.003871467,-0.026459996,,0.946352298,1.045614867,0.923288033,0.968095132,1.083752687,,-0.015018457,1.076415283
2/28/2011,0.00181708,0.007944443,0.009216431,-0.014400631,-0.004060623,-0.034620104,,0.948071896,1.053921696,0.931797453,0.954153951,1.079351976,,0.022345074,1.100467862
3/31/2011,-0.001943664,0.004243926,-0.006214672,0.005057474,-0.001131274,-0.009836147,,0.946229163,1.058394462,0.926006638,0.95897956,1.078130933,,-0.000813547,1.09957258
4/30/2011,-0.000306345,-0.001920858,-0.000542957,-0.001251229,0.004137082,-0.03637449,,0.945939291,1.056361437,0.925503856,0.957779657,1.082591249,,-0.000669629,1.098836274
5/31/2011,-0.005532327,-0.00038326,0.001047092,0.008682309,-0.002609136,0.002927627,,0.940706045,1.055956576,0.926472944,0.966095396,1.079766622,,-0.009065569,1.088874698
6/30/2011,0.003910727,0.005094944,-0.010531646,8.81156E-05,-0.002002513,0.024649931,,0.94438489,1.061336615,0.91671566,0.966180524,1.077604375,,0.005006828,1.094326507
7/31/2011,-0.002692852,0.004628689,-0.006160481,-0.002220686,0.00932173,0.023363494,,0.941841801,1.066249212,0.91106825,0.964034941,1.087649512,,0.006849374,1.101821959
8/31/2011,-0.005267396,0.001628895,-0.002677838,0.008904586,-0.001538807,0.05960568,,0.936880747,1.06798602,0.908628557,0.972619273,1.08597583,,-0.007275691,1.093805442
9/30/2011,0.014374001,-0.003024637,-0.001629986,0.008959228,-0.020596885,0.125086622,,0.950347472,1.06475575,0.907147505,0.981333191,1.063608111,,-0.011983865,1.080697425
10/31/2011,0.011940671,0.008777481,-0.01763381,-0.001122944,0.003682755,-0.125856053,,0.961695258,1.074101623,0.891151039,0.980231209,1.067525119,,0.009900425,1.091396789
11/30/2011,0.001307069,0.001373874,0.005759307,0.006005083,-0.011719009,0.019165261,,0.96295226,1.075577304,0.896283451,0.986117579,1.055014782,,-0.004631209,1.086342303
12/31/2011,-0.011105048,-0.002152507,0.010541665,0.005100594,-0.004066111,-0.008274834,,0.952258629,1.073262116,0.905731771,0.991147364,1.050724975,,-0.0072531,1.078462953
1/31/2012,0.001304554,0.0203587,-0.007210691,-0.011733126,0.00066332,-0.055399241,,0.953500901,1.095112338,0.899200819,0.979518107,1.051421941,,0.032091826,1.113072798
2/29/2012,0.008098202,-0.003188991,0.003485912,-0.017407132,0.008831147,-0.042792474,,0.961222544,1.091620035,0.902335354,0.962467506,1.060707203,,0.014218141,1.128898625
3/31/2012,0.00770122,-0.001527807,0.003254021,-0.000649603,-0.007021234,-0.008423875,,0.968625131,1.08995225,0.905271572,0.961842284,1.053259729,,-0.000878204,1.127907221
4/30/2012,0.003424564,-0.00714205,0.009266316,0.002050707,-0.009138097,0.02047465,,0.97194225,1.082167756,0.913660105,0.963814741,1.04363494,,-0.009192757,1.117538644
5/31/2012,6.20209E-05,0.000929005,0.002358669,-0.009691201,0.005287089,0.064768752,,0.97200253,1.083173095,0.915815127,0.954474218,1.049152731,,0.010620206,1.129407135
6/30/2012,0.008911334,4.33614E-05,-0.012531196,0.008524071,-0.005897919,-0.023500716,,0.98066437,1.083220063,0.904338868,0.962610224,1.042964913,,-0.008480709,1.119828961
7/31/2012,-0.005023968,-0.007328905,-0.000568268,0.001955164,0.006574731,-0.013817864,,0.975737544,1.075281246,0.903824961,0.964492285,1.049822127,,-0.009284069,1.109432392
8/31/2012,0.001264519,-0.003903983,0.014716371,-0.011935012,-0.004139444,-0.025229982,,0.976971382,1.071083367,0.917125984,0.952981058,1.045476447,,0.008031029,1.118342276
9/30/2012,-0.007914838,-0.001174137,0.003999266,0.004621671,-0.000439255,-0.031487451,,0.969238812,1.069825768,0.920793815,0.957385422,1.045017216,,-0.005795807,1.111860579
10/31/2012,-0.012387174,0.010145532,0.006463279,-0.003852039,-0.002406204,-0.003363229,,0.957232683,1.08067972,0.926745162,0.953697537,1.042502692,,0.013997571,1.127423926
11/30/2012,0.009320509,-0.006186995,0.011115227,-0.005273896,-0.010371171,0.006360001,,0.966154579,1.07399356,0.937046145,0.948667835,1.031690718,,-0.000913099,1.126394477
12/31/2012,-0.000115742,-0.004035504,-0.000328654,-0.003322273,0.007426525,-0.031870173,,0.966042754,1.069659454,0.936738181,0.945516101,1.039352595,,-0.000713231,1.125591097
1/31/2013,-0.011989385,0.012445078,-0.007417041,0.004031808,0.006763065,-0.084747042,,0.954460495,1.08297145,0.929790355,0.949328241,1.046381804,,0.008413271,1.135061
2/28/2013,-0.001667525,-0.000351911,0.008496255,-0.003992506,-0.008368097,-0.005272072,,0.952868909,1.08259034,0.937690091,0.945538041,1.03762558,,0.003640595,1.139193297
3/31/2013,-0.005187034,0.006766568,0.003695669,-0.003773437,-0.003926443,-0.04458963,,0.947926346,1.089915761,0.941155484,0.941970113,1.033551403,,0.010540005,1.1512004
4/30/2013,-0.013111499,0.009641644,-0.000244158,0.003384161,-0.001289547,-0.027571809,,0.935497611,1.100424341,0.940925693,0.945157891,1.032218589,,0.006257484,1.158404018
5/31/2013,0.002962095,-0.001364051,0.002096195,0.0005568,-0.005121208,-0.020525285,,0.938268644,1.098923307,0.942898056,0.945684155,1.026932384,,-0.001920851,1.156178897
6/30/2013,0.008098599,-0.004853855,-0.000253689,-0.001408762,0.000765294,0.017689561,,0.945867305,1.093589293,0.942658853,0.944351912,1.027718288,,-0.003445093,1.152195753
7/31/2013,-0.000796621,-0.003866771,-0.002627049,0.011081719,-0.006729719,-0.049559102,,0.945113808,1.089360633,0.940182442,0.954816954,1.020802033,,-0.014948491,1.134972166
8/31/2013,0.001021495,-0.003639451,0.004979336,-0.000356636,-0.005407724,0.034444173,,0.946079237,1.085395958,0.944863926,0.954476432,1.015281817,,-0.003282815,1.131246262
9/30/2013,-0.002183758,0.00042937,-0.004403737,0.005087577,-0.000318774,-0.043501623,,0.944013228,1.085861995,0.940702994,0.959332405,1.014958172,,-0.004658207,1.125976683
10/31/2013,-0.00502337,-0.004756731,0.0018941,-0.001937701,0.008241159,-0.055747027,,0.939271101,1.080696842,0.942484779,0.957473505,1.023322603,,-0.002819029,1.122802522
11/30/2013,-0.00216019,0.005246225,-0.00342297,-7.68482E-05,-0.00514505,-0.020552694,,0.937242096,1.08636642,0.939258682,0.957399925,1.018057558,,0.005323073,1.128779281
12/31/2013,0.005002352,0.002859324,-0.000421699,-0.005620974,-0.002151352,-0.022071448,,0.941930511,1.089472694,0.938862598,0.952018405,1.015867358,,0.008480298,1.138351666
1/31/2014,0.012533468,0.002744747,-0.00586157,-0.00567051,-0.005423357,0.048110036,,0.953736167,1.092463021,0.933359389,0.946619975,1.010357947,,0.008415257,1.147931187
2/28/2014,-0.001451318,0.004403351,-0.003939965,0.008461165,-0.011480975,-0.043928367,,0.952351993,1.097273519,0.929681985,0.954629483,0.998758053,,-0.004057815,1.143273096
3/31/2014,-0.00309358,0.002716902,0.002709264,-0.004943232,0.006207267,-0.016714839,,0.949405816,1.100254703,0.932200739,0.949910529,1.00495761,,0.007660133,1.15203072
4/30/2014,-0.007238953,-0.00319873,0.00180308,0.001515524,0.009545497,-0.020532478,,0.942533112,1.096735285,0.933881572,0.951350141,1.01455043,,-0.004714254,1.146599754
5/31/2014,5.38546E-05,-0.00875089,0.009388789,-0.000783789,-0.002397995,-0.02005434,,0.942583872,1.087137875,0.942649589,0.950604484,1.012117543,,-0.007967101,1.137464678
6/30/2014,0.001296495,0.001901619,-0.001077064,0.002818991,-0.004845843,-0.022506851,,0.943805927,1.089205197,0.941634295,0.953284229,1.00721298,,-0.000917372,1.136421199
7/31/2014,-0.001953993,-0.007948421,0.004757568,-0.001492781,0.009329785,0.010369839,,0.941961737,1.080547736,0.946114184,0.951861185,1.016610061,,-0.00645564,1.129084872
8/31/2014,0.006059249,0.000369402,-0.006786054,-0.002600958,0.004813604,-0.041510985,,0.947669317,1.080946892,0.939693802,0.949385434,1.021503619,,0.002970359,1.13243866
9/30/2014,-0.001504758,0.00502207,9.27256E-05,-0.002378047,-0.003806311,0.028156683,,0.946243304,1.086375483,0.939780936,0.947127751,1.017615459,,0.007400118,1.14081884
10/31/2014,0.012952642,0.002056905,0.003171943,-0.009346782,-0.009643208,-0.007274681,,0.958499655,1.088610055,0.942761867,0.938275154,1.007802382,,0.011403687,1.153828381
11/30/2014,0.00164618,0.00480524,0.001618207,0.004619398,-0.013977376,-0.008484729,,0.960077517,1.093841087,0.944287451,0.942609421,0.993715949,,0.000185841,1.15404281
12/31/2014,-0.000228678,0.001450058,4.49114E-05,0.004987231,-0.006256573,0.002347463,,0.959857969,1.09542722,0.94432986,0.947310432,0.987498693,,-0.003537172,1.149960761
1/31/2015,0.006827472,-0.007616743,-0.002492472,-0.000667889,-0.001002852,0.035835595,,0.966411373,1.087083633,0.941976145,0.946677733,0.986508378,,-0.006948854,1.141969852
2/28/2015,0.004811435,0.003252394,-0.008206124,9.51473E-05,-0.000868108,-0.052933786,,0.971061199,1.090619257,0.934246171,0.946767807,0.985651983,,0.003157246,1.145575332
3/31/2015,0.010648218,-0.002713707,0.003458005,-0.007216041,-0.003104219,0.023043372,,0.98140127,1.087659635,0.937476799,0.939935892,0.982592304,,0.004502334,1.150733095
4/30/2015,-0.009249737,-0.003598863,0.00026731,0.004208606,0.010709759,-0.025617816,,0.972323566,1.083745297,0.937727396,0.943891711,0.99311563,,-0.007807468,1.141748783
5/31/2015,0.015647935,0.007079172,-0.003818982,-0.010280159,-0.011761606,0.019209426,,0.987538422,1.091417316,0.934146232,0.934188355,0.981434996,,0.01735933,1.161568777
6/30/2015,0.016566319,-0.005056452,-0.004394034,-0.000274253,-0.006054899,0.044557789,,1.003898298,1.085898617,0.930041561,0.933932151,0.975492506,,-0.004782199,1.156013923
7/31/2015,0.005540206,0.002899516,-0.00297775,-0.005874503,-0.003510993,0.000777598,,1.009460102,1.089047198,0.92727213,0.928445764,0.972067559,,0.008774019,1.166156811
8/31/2015,-0.008473835,0.001338739,0.00272946,0.004872137,-0.000383614,0.045846847,,1.000906103,1.090505148,0.929803082,0.932969279,0.97169466,,-0.003533399,1.162036315
9/30/2015,0.004289514,0.009971169,0.001767062,-0.013273966,-0.002407898,0.040498877,,1.005199504,1.101378759,0.931446102,0.920585077,0.969354919,,0.023245135,1.189048005
10/31/2015,-0.004646927,0.003070205,0.004711854,0.005747622,-0.011991254,-0.066093518,,1.000528416,1.104760217,0.93583494,0.925876252,0.957731138,,-0.002677417,1.185864428
11/30/2015,0.004438546,0.008060925,0.000959821,-0.012414656,-0.000387198,0.002735411,,1.004969307,1.113665606,0.936733174,0.914381817,0.957360307,,0.020475581,1.210145691
12/31/2015,0.026930272,-0.013791122,-0.003097173,-0.009235257,-0.002636486,0.055340965,,1.032033404,1.098306908,0.933831949,0.905937266,0.954836239,,-0.004555865,1.204632431
1/31/2016,0.006137921,-0.011097324,0.003481724,-0.004183536,0.007435158,0.054833399,,1.038367944,1.08611864,0.937083293,0.902147245,0.961935598,,-0.006913788,1.196303857
2/29/2016,0.008357726,-0.005114678,-0.006473762,-0.005337952,0.009205582,-0.014009875,,1.047046338,1.080563494,0.931016839,0.897331626,0.970790775,,0.000223275,1.196570962
3/31/2016,-0.002824659,-0.002497477,0.003292036,0.012273216,-0.009881074,-0.074761997,,1.04408879,1.077864811,0.93408178,0.90834477,0.96119832,,-0.014770693,1.17889678
4/30/2016,-0.01354134,-0.005984391,-0.00133118,0.011125512,0.008689546,-0.036191975,,1.029950429,1.071414447,0.932838349,0.918450571,0.969550697,,-0.017109903,1.15872597
5/31/2016,0.000927377,-0.007713477,0.005954346,-0.002920069,0.005437936,-0.017933434,,1.030905581,1.063150115,0.938392791,0.915768631,0.974823051,,-0.004793408,1.153171724
6/30/2016,0.002470744,-0.002465644,-0.008004883,0.014495557,-0.00629084,0.008840013,,1.033452685,1.060528766,0.930881067,0.929043208,0.968690595,,-0.016961201,1.133612546
7/31/2016,-0.004359263,0.013172651,-0.007088133,-0.002578191,0.001938565,-0.049645593,,1.028947593,1.074498741,0.924282858,0.926647957,0.970568465,,0.015750842,1.151467898
8/31/2016,0.000200386,-0.004990658,-0.0014598,0.000668283,0.006112645,-0.007992375,,1.02915378,1.069136285,0.92293359,0.92726722,0.976501205,,-0.005658941,1.144951809
9/30/2016,0.006093892,0.000840551,-0.004345931,-0.002453879,0.000276116,0.00531485,,1.035425332,1.070034949,0.918922585,0.924991819,0.976770833,,0.003294429,1.148723772
10/31/2016,0.001534605,0.007807958,0.003335308,-0.01093842,0.001549622,0.024337238,,1.037014301,1.078389736,0.921987475,0.91487387,0.978284458,,0.018746377,1.170258181
11/30/2016,-0.003955676,0.001770752,0.009357892,-0.017342631,0.007516782,-0.063766259,,1.032912208,1.080299297,0.930615334,0.899007551,0.985638009,,0.019113383,1.192625774
12/31/2016,0.001434705,0.001761598,0.003503518,0.003400135,-0.008126196,-0.000798357,,1.034394132,1.08220235,0.933875761,0.902064298,0.977628521,,-0.001638537,1.190671612
1/31/2017,-0.001286963,0.006087285,-0.005988575,0.000391956,0.003088798,-0.025200475,,1.033062905,1.088790025,0.928283177,0.902417867,0.980648218,,0.00569533,1.19745288
2/28/2017,-0.00254803,0.00859724,0.006063487,-0.006899208,-0.008388653,-0.025431512,,1.03043063,1.098150614,0.93391181,0.896191899,0.972421901,,0.015496448,1.216009146
3/31/2017,0.00948341,0.00024089,-0.007124681,-0.001281282,-0.001307184,0.012050796,,1.040202626,1.098415147,0.927257986,0.895043624,0.971150766,,0.001522172,1.217860121
4/30/2017,0.001526521,0.002803558,0.000794727,0.003653971,-0.007304678,0.002268983,,1.041790517,1.101494617,0.927994903,0.898314088,0.964056823,,-0.000850414,1.216824436
5/31/2017,0.023438516,-0.008584681,-0.010271704,0.004637169,-0.007358161,0.026933368,,1.066208542,1.092038638,0.918462814,0.902479722,0.956963137,,-0.013221849,1.200735766
6/30/2017,-0.005555293,0.000751215,-0.003240031,0.005078581,0.00099488,-0.020264169,,1.060285441,1.092858993,0.915486966,0.907063038,0.957915201,,-0.004327366,1.195539743
7/31/2017,0.005521157,0.006125997,-0.000498898,-0.002413733,-0.006786306,-0.00332542,,1.066139443,1.099553844,0.915030231,0.90487363,0.951414495,,0.00853973,1.20574933
8/31/2017,0.005697245,0.005800252,0.010866478,0.000175228,-0.021008363,0.038067194,,1.072213501,1.105931533,0.924973387,0.905032189,0.931426834,,0.005625023,1.212531698
9/30/2017,-0.003735562,-0.003799786,0.01056308,-0.005648871,0.002430264,-0.035836013,,1.068208181,1.101729229,0.934743956,0.899919779,0.933690447,,0.001849085,1.214773772
10/31/2017,0.009862591,0.007802648,0.001523482,-0.004081471,-0.01290871,0.012754491,,1.078743481,1.110325635,0.936168021,0.896246782,0.921637708,,0.011884119,1.229210288
11/30/2017,-0.009917999,0.007351843,-0.004590544,0.006756041,-0.000168181,-0.048697663,,1.068044505,1.118488575,0.931870501,0.902301862,0.921482706,,0.000595802,1.229942654
12/31/2017,-0.009670157,0.000242971,0.009162006,0.000276647,-0.000700884,-0.022051862,,1.057716347,1.118760334,0.940408305,0.902551482,0.920836853,,-3.36765E-05,1.229901234
1/31/2018,0.018884867,0.007360016,0.006257855,-0.021489829,-0.008784339,-0.017109506,,1.07769118,1.126994429,0.946293243,0.883155805,0.912747911,,0.028849845,1.265383694
2/28/2018,0.01172524,0.003305649,-0.005731816,-0.003531358,-0.004695513,0.060217665,,1.090327367,1.130719877,0.940869265,0.880037066,0.908462091,,0.006837007,1.274035131
3/31/2018,-0.000503501,-0.006050787,0.003471429,-0.001480454,0.005059747,0.003974072,,1.089778386,1.123878132,0.944135425,0.878734211,0.913058679,,-0.004570333,1.268212367
4/30/2018,-0.002789046,-0.003396946,0.001832354,0.003302463,-0.000869385,-0.005939899,,1.086738944,1.120060379,0.945865416,0.881636198,0.91226488,,-0.006699408,1.259716094
5/31/2018,-0.004848905,-0.003141728,0.000877483,0.005127686,0.00075635,-0.020554619,,1.08146945,1.116541454,0.946695396,0.886156952,0.912954871,,-0.008269414,1.24929898
6/30/2018,-0.005060689,0.001325718,-0.004266135,0.000572078,0.007061349,-0.022595279,,1.075996469,1.118021673,0.942656666,0.886663903,0.919401564,,0.00075364,1.250240501
7/31/2018,-0.005615593,0.006851618,0.002117761,0.00390342,-0.005739925,-0.032865719,,1.069954111,1.12568193,0.944652988,0.890124924,0.914124268,,0.002948198,1.253926458
8/31/2018,-0.007210571,0.00095994,0.007769199,-0.001533675,-0.000833231,-0.025838355,,1.062239131,1.126762517,0.951992184,0.888759762,0.913362592,,0.002493615,1.257053267
9/30/2018,0.005058474,-0.003942035,0.00533925,-0.00401441,-0.000840456,0.004251741,,1.06761244,1.12232078,0.957075108,0.885191916,0.912594951,,7.23751E-05,1.257144247
10/31/2018,-0.010548325,-0.002869076,-0.010407488,0.014836539,0.005784292,0.054436465,,1.056350917,1.119100756,0.94711436,0.898325101,0.917873667,,-0.017705616,1.234885734
11/30/2018,-0.01249973,-0.009312862,0.005749316,0.012302205,0.002375832,-0.04320962,,1.043146816,1.108678725,0.95255962,0.909376481,0.92005438,,-0.021615067,1.208193596
12/31/2018,0.001864601,-0.002137566,0.006788929,-0.000664447,-0.003250838,0.105625415,,1.045091868,1.106308851,0.959026479,0.908772248,0.917063432,,-0.001473119,1.206413783
1/31/2019,-0.01169457,0.003420263,-0.003507235,0.004650237,0.005552553,-0.117583265,,1.032869968,1.110092718,0.955662948,0.912998255,0.922155476,,-0.001229975,1.204929924
2/28/2019,0.01814616,-0.006374219,0.001735353,-0.005337273,-0.00414152,-0.014431537,,1.051612592,1.103016744,0.95732136,0.908125335,0.918336351,,-0.001036946,1.203680476
3/31/2019,0.000749156,-0.001762992,-0.012807405,0.01240254,0.002668703,-0.011130452,,1.052400414,1.101072134,0.945060558,0.919388395,0.920787118,,-0.014165532,1.186629702
4/30/2019,-0.003446003,-0.007343122,-0.000140867,-0.007585803,0.018168084,-0.058298285,,1.048773839,1.092986828,0.944927429,0.912414096,0.937516056,,0.000242682,1.186917675
5/31/2019,-0.007441373,-0.003899115,0.015099529,0.007499646,-0.013665151,0.074320751,,1.040969521,1.088725146,0.959195388,0.919256879,0.924704757,,-0.011398761,1.173388284
6/30/2019,-0.003201476,0.00893686,-0.00129475,-0.003429498,0.002969755,-0.082405681,,1.037636882,1.098454931,0.95795347,0.916104289,0.927450904,,0.012366358,1.187898824
7/31/2019,-0.000882581,-0.000452917,0.006649028,-0.008879021,0.003375555,-0.013566444,,1.036721084,1.097957422,0.96432293,0.90797018,0.930581565,,0.008426104,1.197908183
8/31/2019,0.014570608,0.003742144,0.000768265,-0.005630633,-0.007645965,0.053202547,,1.05182674,1.102066137,0.965063785,0.902857733,0.923466371,,0.009372778,1.20913591
9/30/2019,0.000134362,-0.012842828,-0.003418886,0.002495079,0.013684925,-0.047760395,,1.051968065,1.087912492,0.961764342,0.905110434,0.936103939,,-0.015337907,1.190590296
10/31/2019,-0.009216105,0.010140156,0.001166069,-0.003284157,0.000870233,-0.023173307,,1.042273017,1.098944094,0.962885826,0.902137909,0.936918567,,0.013424314,1.206573154
11/30/2019,0.007845223,0.007434254,0.001505823,0.000118511,-0.016850782,-0.009258693,,1.050449881,1.107113924,0.964335761,0.902244822,0.921130756,,0.007315743,1.215400133
12/31/2019,-0.010071563,-0.009215795,0.008032323,-0.002087153,0.011944256,-0.051019365,,1.039870209,1.096910989,0.972081617,0.9003617,0.932132978,,-0.007128643,1.20673598
1/31/2020,0.007712214,0.012502205,-0.008058557,-0.005583779,-0.007135075,0.033145011,,1.04788991,1.110624795,0.964248042,0.895334279,0.925482139,,0.018085984,1.228560987
2/29/2020,0.008081336,-0.001473326,-0.006075777,0.007110405,-0.003513864,0.102117495,,1.05635826,1.108988482,0.958389486,0.901700468,0.922230121,,-0.008583731,1.21801535
3/31/2020,0.009992849,0.017016696,-0.020494427,0.012117648,-0.011213783,0.209069247,,1.066914288,1.127859802,0.938747843,0.912626957,0.911888433,,0.004899048,1.223982466
4/30/2020,0.005407693,-0.015593664,0.019361566,-0.009889675,0.002069352,-0.14506792,,1.072683834,1.110272335,0.956923471,0.903601373,0.91377545,,-0.005703989,1.217000884
5/31/2020,0.007477341,0.016186796,0.003730168,-0.001682413,-0.017687388,-0.023281588,,1.080704656,1.128244087,0.960492956,0.902081142,0.897613149,,0.017869209,1.238747727
6/30/2020,0.000875958,0.006002922,-0.001792478,0.005031994,-0.011320374,-0.001703154,,1.081651309,1.135016848,0.958771294,0.906620409,0.887451833,,0.000970928,1.239950462
7/31/2020,-0.002382523,0.007118495,-0.008267187,0.011959914,-0.004025824,-0.04479135,,1.07907425,1.14309646,0.950844952,0.917463511,0.883879108,,-0.004841419,1.233947342
8/31/2020,-0.005818491,0.003250884,0.000476988,-0.002683782,0.007169028,-0.05817678,,1.072795666,1.146812534,0.951298494,0.915001239,0.890215662,,0.005934666,1.241270407
9/30/2020,0.001321901,0.013964586,-0.002430604,-0.014119992,0.001106924,0.025502856,,1.074213795,1.162827296,0.948986264,0.902081429,0.891201063,,0.028084578,1.276130963
10/31/2020,-0.007407367,-0.001681032,0.004727771,-0.007377231,0.010392595,-0.011902384,,1.0662567,1.160872546,0.953472854,0.895426565,0.900462955,,0.005696199,1.283400059
11/30/2020,-0.033297809,-0.010732176,0.001291963,0.001773346,0.037824597,-0.218116338,,1.030752687,1.148413857,0.954704706,0.897014466,0.934522604,,-0.012505522,1.267350471
12/31/2020,-0.000865449,-0.006793696,0.00904593,-0.00167933,0.002803369,-0.045190794,,1.029860624,1.140611882,0.963340898,0.895508083,0.937142416,,-0.005114366,1.260868777
1/31/2021,0.004206775,-0.005911064,0.006164988,0.003894326,-0.008800011,0.019931788,,1.034193016,1.133869652,0.969279883,0.898995483,0.928895552,,-0.00980539,1.248505467
2/28/2021,-0.00017002,-0.026229262,-0.008532021,0.01499041,0.019548854,-0.083520792,,1.034017183,1.104129087,0.961009967,0.912471793,0.947054395,,-0.041219672,1.197042481
3/31/2021,0.006069374,-0.005439474,0.012360936,-0.006843906,-0.004770266,-0.046076216,,1.04029302,1.098123206,0.972888949,0.906226922,0.942536694,,0.001404432,1.198723646
4/30/2021,0.007674504,0.004845297,-0.002840781,-0.00972196,-0.000310306,-0.039634244,,1.048276753,1.103443939,0.970125185,0.897416621,0.942244219,,0.014567256,1.21618576
5/31/2021,-0.003252698,0.00269203,-0.000792789,0.012225762,-0.009790916,-0.012449238,,1.044867025,1.106414443,0.96935608,0.908388223,0.933018785,,-0.009533731,1.204590972
6/30/2021,0.003853702,-0.007672225,0.004685424,0.001084314,-9.06824E-06,0.00260434,,1.048893631,1.097925782,0.973897924,0.909373201,0.933010325,,-0.008756539,1.194042924
7/31/2021,0.012433122,0.006256797,0.005941275,-0.009226876,-0.014285163,0.015583374,,1.061934654,1.104795281,0.979684119,0.900982527,0.91968212,,0.015483673,1.212531094
8/31/2021,0.005502983,0.00359577,-0.002980614,-0.006082821,-0.001277073,-0.016613368,,1.067778462,1.108767871,0.976764058,0.895502012,0.918507618,,0.009678591,1.224266686
9/30/2021,-0.013962007,0.008990523,0.00011444,-0.007686441,0.011916553,0.011676308,,1.052870131,1.118736274,0.97687584,0.888618788,0.929453063,,0.016676964,1.244683738
10/31/2021,0.005509312,0.002989507,-0.009520842,0.006051504,-0.004075266,-0.043081894,,1.058670721,1.122080744,0.967575159,0.893996268,0.925665295,,-0.003061996,1.240872521
11/30/2021,0.012224572,-0.001575321,-0.003457154,0.000243107,-0.007192078,0.045108109,,1.071612517,1.120313106,0.964230103,0.894213605,0.919007838,,-0.001818428,1.238616083
12/31/2021,0.001398711,-0.00545449,-0.008053217,0.00794682,0.004677228,-0.067240933,,1.073111393,1.114202369,0.956464949,0.90131976,0.923306247,,-0.013401311,1.222017004
1/31/2022,-0.015584684,0.00223121,-0.00993858,0.003644996,0.018817718,0.007130329,,1.056387291,1.116688389,0.946959046,0.904605067,0.940680764,,-0.001413786,1.220289333
2/28/2022,-0.021139045,0.004369068,-0.005952438,0.006325998,0.014805646,-0.02523732,,1.034056273,1.121567276,0.941322331,0.910327597,0.95460815,,-0.00195693,1.217901312
3/31/2022,-0.00926512,0.006166278,1.86357E-05,0.009409497,-0.006379912,-0.029650051,,1.024475618,1.128483172,0.941339873,0.918893321,0.948517834,,-0.003243218,1.213951392
4/30/2022,-0.004473752,-0.009440213,-0.007341023,0.021419211,0.001439095,0.057644708,,1.019892368,1.117830051,0.934429476,0.938575291,0.949882842,,-0.030859423,1.176489552
5/31/2022,0.002594539,-0.00859274,-0.000659124,0.008734426,0.002419915,-0.009629031,,1.022538518,1.108224828,0.933813571,0.946773208,0.952181477,,-0.017327167,1.156104322
6/30/2022,0.001436635,0.009173446,-0.006400349,0.001801285,-0.003590872,0.098620874,,1.024007533,1.118391069,0.927836838,0.948478616,0.948762316,,0.007372161,1.164627309
7/31/2022,0.013244537,0.005668298,0.002367936,-0.009372716,-0.009941594,-0.064397249,,1.037570039,1.124730443,0.930033896,0.939588795,0.939330106,,0.015041015,1.182144486
8/31/2022,-0.004869152,-0.004080567,-0.000748373,0.008350154,0.000844462,0.027756185,,1.032517953,1.120140906,0.929337884,0.947434507,0.940123335,,-0.012430721,1.167449577
9/30/2022,0.007551395,0.001023197,0.007766576,-0.010903049,-0.004898082,0.106019786,,1.040314903,1.12128703,0.936555657,0.937104582,0.935518533,,0.011926246,1.181372868
10/31/2022,-0.000392208,0.012208446,-0.007723304,0.006923433,-0.007310519,-0.090014755,,1.039906883,1.134976203,0.929322353,0.943592562,0.928679407,,0.005285014,1.18761644
11/30/2022,0.000741371,0.009711156,0.000848056,-0.002506861,-0.007007031,-0.061562519,,1.04067784,1.145998134,0.930110471,0.941227107,0.922172122,,0.012218017,1.202126758
12/31/2022,0.000308843,0.012728432,-0.002755252,-0.006548834,-0.002099503,0.050889051,,1.040999246,1.160584892,0.927547783,0.935063167,0.920236019,,0.019277265,1.225300474
1/31/2023,-0.009669363,-0.031561078,-0.007730539,0.024401502,0.023069409,-0.107882651,,1.030933446,1.123955582,0.920377338,0.957880113,0.94146532,,-0.055962581,1.156729498
2/28/2023,0.015744078,-0.002608238,4.27421E-05,-0.010488989,-0.001775945,0.051574524,,1.047164543,1.121024038,0.920416677,0.947832919,0.939793329,,0.007880751,1.165845395
3/31/2023,0.017118573,-0.007779638,0.010253007,-0.007063271,-0.010526017,0.03243977,,1.065090505,1.112302877,0.929853716,0.941138118,0.929901049,,-0.000716367,1.165010222
4/30/2023,-0.000695475,-0.008416032,0.005766337,0.002766554,-0.00151206,0.000212747,,1.064349761,1.102941701,0.935215566,0.943741828,0.928494983,,-0.011182585,1.151982396
5/31/2023,0.005980423,-0.003280274,0.006328198,-0.008415189,-0.001074439,0.045983783,,1.070715023,1.09932375,0.941133795,0.935800062,0.927497372,,0.005134915,1.157897728
6/30/2023,0.015884446,0.015092044,-0.010708548,-0.006119281,-0.009828497,-0.054581651,,1.087722738,1.115914793,0.931055619,0.930073638,0.918381467,,0.021211325,1.182458272
7/31/2023,-0.0141959,-0.011663533,0.004288524,0.001907011,0.021020637,-0.070890392,,1.072281534,1.102899283,0.935048473,0.931847299,0.937686431,,-0.013570544,1.16641167
8/31/2023,-0.001748726,0.005015393,-0.004760458,0.004502323,-0.005823208,0.03460418,,1.070406408,1.108430757,0.930597214,0.936042776,0.932226088,,0.00051307,1.167010121
9/30/2023,-0.004577591,0.00153603,0.001541366,0.002714131,-0.000986931,0.047474472,,1.065506524,1.11013334,0.932031605,0.938583319,0.931306044,,-0.001178101,1.165635265
10/31/2023,-0.012083707,0.007679737,-0.000689328,0.006043443,-0.002956274,0.031632644,,1.052631256,1.118658872,0.93138913,0.944255593,0.928552848,,0.001636295,1.167542588
11/30/2023,0.014444249,-0.008933499,0.005111864,-0.012617146,0.002057607,-0.079763289,,1.067835723,1.108665334,0.936150264,0.932341783,0.930463445,,0.003683646,1.171843402
12/31/2023,-0.001767046,-0.006238943,-0.01990525,0.00756899,0.022135641,-0.094325909,,1.065948809,1.101748434,0.917515959,0.939398668,0.95105985,,-0.013807933,1.155662667
1/31/2024,0.002812425,0.008387412,0.011546665,0.00464121,-0.026990279,0.038063961,,1.068946711,1.110989252,0.928110209,0.943758615,0.92539048,,0.003746202,1.159992013
2/29/2024,0.000765165,0.004744083,0.008126803,0.001148516,-0.0091491,-0.030589894,,1.069764632,1.116259877,0.935652777,0.944842537,0.91692399,,0.003595566,1.164162841
3/31/2024,-0.009178801,0.007184427,0.004199771,0.006794547,-0.008143174,-0.04661693,,1.059945475,1.124279565,0.939582305,0.951262314,0.909457318,,0.000389881,1.164616726
4/30/2024,-0.014099293,-0.008037498,-0.002074269,0.020502007,0.002249372,0.033095406,,1.045000994,1.11524317,0.937633359,0.970765101,0.911503027,,-0.028539505,1.13137914
5/31/2024,0.000818094,-0.012969443,0.005092513,-0.00026674,0.005123144,-0.03184197,,1.045855903,1.100779087,0.942408269,0.970506159,0.916172788,,-0.012702704,1.117007567
6/30/2024,-0.007499592,0.006727201,0.002178416,-0.000142631,-0.002544818,-0.001888899,,1.03801241,1.108184249,0.944461226,0.970367735,0.913841294,,0.006869832,1.124681221
7/24/2024,0.018592581,0.016181358,0.016269075,0.014647534,0.025109712,-0.006517132,,1.057311739,1.126116176,0.959826737,0.984581229,0.936787586,,0.001533824,1.126406285
